work_package,dataset,scope,methods,seeds,run_type,estimated_runs,owner,kaggle_account,prerequisite,status,test_access,notes
WP00,local,implementation smoke,"canonical ALW; canonical SA-ALW; adapters; evaluators",42,local_smoke,0,Codex,local,"unit and smoke contracts",IN_PROGRESS,none,"Canonical and both public adapter/evaluator fixtures pass; dataset acquisition and G1 diagnostics remain; never paper performance evidence"
WP01,TinyPerson,viability and component-selection pilot,"standard; direct predecessor; pure ALW; beta-only; position-only; SA-ALW full",42,kaggle_reduced_pilot,"4+2 matched",Qoder-Leader,"ngquangnht + 4 pool accounts","pre-run report; private Kaggle dataset package",AUDITED_GO,validation_only,"Both pilot shards finished and fully audited 2026-08-05; frozen selection rule returned GO (full SA-ALW selected); results in wp01_pilot_postrun.md; six kernels ran in parallel across five accounts (user-approved fan-out): ngquangnht=standard+igwd; amongus1504=alw-canonical; qnhat1504=sa-alw-beta-only; thyngluthy=sa-alw-pos-only; hienquang06=sa-alw-full"
WP02,TinyPerson,matched core baselines,"standard; RFLA; NWD; verified predecessor",42;123;2024,kaggle_full,12,Codex,"ngquangnht; amongus1504; thyngluthy; hienquang06","WP01 GO; faithful integrations; approved pre-run report",AUDITED_COMPLETE,validation_then_frozen_test,"12/12 artifacts and independent CUDA reloads passed; NWD beta=1.0 + la_loss_nms, RFLA la + smooth_l1; validation-only results are ready for the matched comparison"
WP03,TinyPerson,matched proposed-method matrix,"pure ALW; SA-ALW full",42;123;2024,kaggle_full,6,Codex,"ngquangnht; pptlyn11; historical v8 accounts retained in manifest","A1 PASS; PL-003 FROZEN; A3 audits complete",AUDITED_NO_GO_COMPLETE,validation_only,"Six accepted rows at seeds 42/123/2024; A4 paired original-image AP interval crosses zero with negative mean, so Paper A performance work is closed NO-GO. Final-test counter unchanged."
WP04,TinyPerson,component and placement ablations,"A0-A6; assignment; regression; joint",42,kaggle_validation,10,TBD,TBD,"A4 performance GO required",CLOSED_NO_GO,validation_only,"Not launched; A4 primary AP criterion failed and rescue ablations are forbidden"
WP05,TinyPerson,sensitivity,"percentiles; beta range; position range; schedule form",42,kaggle_validation,7,TBD,TBD,"A4 performance GO required",CLOSED_NO_GO,validation_only,"Not launched; A4 primary AP criterion failed and rescue sweeps are forbidden"
WP06,AI-TOD-v2,external generalization,"standard; direct predecessor; pure ALW; SA-ALW",42;123;2024,kaggle_full,12,TBD,TBD,"A4 GO_FOR_EXTERNAL required",CLOSED_NO_GO,validation_only,"Not launched; D1 primary AP interval does not support a positive effect"
WP07,TinyPerson;AI-TOD-v2,efficiency and qualitative audit,"direct predecessor; pure ALW; SA-ALW",42;123;2024,kaggle_audit,6,TBD,TBD,"accepted externally promoted checkpoints",CLOSED_NO_GO,no_new_test_tuning,"No new Paper A audit jobs; existing technical artifacts retained"
WP08,offline,statistics and paper tables,"accepted WP02-WP03 artifacts",42;123;2024,offline_analysis,0,Codex,local,"A3 artifact audits complete",A4_COMPLETE_NO_GO,no_new_test_access,"Six-method matrix and 2000-replicate paired original-image bootstrap completed; negative evidence retained"
