evidence_id,artifact_pattern,method_family,dataset_or_scope,split_or_stage,evaluation_unit,seeds,status,paper_a_eligible,reason,notes
E001,runs/test_results.json,"SA-ALW consolidated legacy results",SOD-TinyPeopleInSea derivative,test,tile,"42;123;2024",diagnostic_invalid_protocol,no,"Tile-level evaluation, reused test, unverified group split, AP50 checkpoint selection","Values also drift from the legacy LaTeX tables; never use as numeric source"
E002,runs/*/test_metrics.json,"Legacy NWD/IGWD/ALW/SA-ALW and component rows",SOD-TinyPeopleInSea derivative,test,tile,42,diagnostic_invalid_protocol,no,"Tile-level evaluation and reused test; source grouping not audited","Includes old component and metric-chain comparisons"
E003,runs/val_coco.json,"Legacy metric-chain validation summary",SOD-TinyPeopleInSea derivative,validation,tile,42,diagnostic_invalid_protocol,no,"Tile-level evaluator and current split provenance not audited","Useful only for debugging rough method behavior"
E004,"runs/{nwd,igwd,igwd_anisotropic_s,igwd_log_shape,alw_full,sa_alw_beta_only,sa_alw_pos_only,sa_alw_full}*/metrics.csv","Legacy metric training curves",SOD-TinyPeopleInSea derivative,validation,tile,"42;123;2024;3407",diagnostic_invalid_protocol,no,"Current data split and evaluator fail the new submission contract","Training stability may inform G1 but not performance claims"
E005,runs/sa_alw_full__saalw_*__seed42/test_metrics.json,"Legacy threshold assigner",SOD-TinyPeopleInSea derivative,test,tile,42,diagnostic_invalid_protocol,no,"Test reused and placement was tuned outside the new contract","Do not claim HLA dominance from this result"
E006,"runs/{alw_full,sa_alw_beta_only,sa_alw_pos_only,sa_alw_full}__la_loss_nms__seed42/test_metrics.json","Legacy metric-NMS ablation",SOD-TinyPeopleInSea derivative,test,tile,42,diagnostic_invalid_protocol,no,"NMS tested on reused test and not predeclared","Paper A fixes IoU-NMS"
E007,"runs/direct_configs_{valid,test}_sa_alw_full*.json","Legacy direct inference tuning",SOD-TinyPeopleInSea derivative,"validation;test",tile,42,diagnostic_invalid_protocol,no,"Threshold/NMS configuration work touched reused test","Excluded from Paper A"
E008,"runs/frcnn_standard__{full,patches}__seed*/test_metrics.json","Legacy standard Faster R-CNN seeds",SOD-TinyPeopleInSea derivative,test,tile,"42;123;2024",diagnostic_invalid_protocol,no,"Multiple seeds do not repair tile-level evaluation or reused test","Cannot serve as conference baseline"
E009,raw/tiny_object_metrics_comparison_filled*.xlsx,"Historical metric spreadsheet",SOD-TinyPeopleInSea derivative,legacy,test_or_unknown,unknown,diagnostic_invalid_protocol,no,"Non-identical harness and incomplete provenance","Research history only"
E010,raw/sah_gd_hybrid_metrics_comparison*.xlsx,"Historical SAH-GD spreadsheet",SOD-TinyPeopleInSea derivative,legacy,test_or_unknown,unknown,diagnostic_invalid_protocol,no,"Out of Paper A scope and protocol not submission-ready","Research history only"
E011,paper/saalw_experiments.tex,"Legacy manually typed SA-ALW tables",SOD-TinyPeopleInSea derivative,test,tile,42,diagnostic_invalid_protocol,no,"Manually typed values, reused test, wrapped ALW denominator, and numeric drift","Legacy manuscript is not a result ledger"
E012,paper/saalw_main.tex,"Legacy abstract/introduction/conclusion claims",SOD-TinyPeopleInSea derivative,test,tile,42,diagnostic_invalid_protocol,no,"Unsupported superlatives and reused tile-level numbers","Quarantined by paper/README.md and paper_a/README.md"
E013,runs/alw_full__la_loss__seed42/*,"Legacy run labeled ALW full",SOD-TinyPeopleInSea derivative,"train;validation;test",tile,42,diagnostic_invalid_protocol,no,"Implementation includes reliability gating and Charbonnier; not canonical pure ALW","Must not be denominator for SA-ALW gain"
E014,"runs/sa_alw_{full,beta_only,pos_only}__la_loss__seed*/*","Legacy SA-ALW runs",SOD-TinyPeopleInSea derivative,"train;validation;test",tile,"42;123;2024;3407",diagnostic_invalid_protocol,no,"Legacy SA-ALW includes reliability gating and Charbonnier; split/evaluator invalid","Canonical rerun required"
E015,runs/test_coco*_sa_alw_full*.json,"Legacy SA-ALW evaluator checks",SOD-TinyPeopleInSea derivative,"validation;test",tile,42,diagnostic_invalid_protocol,no,"Evaluator checks use legacy tile unit and reused test","Retain for implementation archaeology only"
E016,runs/ap75_analysis_sa_alw_full__la_loss__seed42_valid/*,"Legacy AP75 error analysis",SOD-TinyPeopleInSea derivative,validation,tile,42,diagnostic_invalid_protocol,no,"Useful diagnostic but split and reconstruction contracts are not repaired","May inspire failure taxonomy only"
E017,runs/kaggle_cbl_iterative_train_fair20_best_map50_locked_test.json,"Iterative-CBL fair20 locked test",SOD-TinyPeopleInSea derivative,locked_test,original_image,42,diagnostic_valid_but_test_reused,no,"Test budget consumed and method is outside Paper A scope","Research leader only; never a Paper A claim"
E018,runs/kaggle_cbl_iterative_train_fair20_best_map50_valid_reload.json,"Iterative-CBL fair20 validation reload",SOD-TinyPeopleInSea derivative,validation,original_image,42,validation_evidence,no,"Method is outside Paper A scope","Research log only"
E019,"runs/{ra_tb_cbl,pc_moc_fd,pc_mr_rpn_r2,pc_mhfd}_*_gate_result.json","Post-CBL short matched gates",SOD-TinyPeopleInSea derivative,validation,original_image,"1618;2718;31415",validation_evidence,no,"All methods are outside Paper A scope","Negative results remain recorded"
E020,"runs/{pc_mr_moc,pc_moc_fd,pc_micro_rescue_rpn,ra_tb_pcmhfd}_*{audit,smoke,compatibility}*.json","Post-CBL mechanism and CUDA gates",Research-only,technical_gate,batch_or_validation,"42",validation_evidence,no,"All methods are outside Paper A scope","Mechanism evidence only"
E021,paper/checkpoints/*.md,"Performance-research checkpoints",Research-only,mixed,mixed,mixed,diagnostic_valid_but_test_reused,no,"CBL/ICBL and later branches are outside Paper A; some locked tests consumed","Keep separate from submission package"
E022,eda/Phase0_report.md,"Legacy SOD dataset statistics",SOD-TinyPeopleInSea derivative,eda,source_and_processed,unknown,diagnostic_invalid_protocol,no,"Source-vs-processed counts, group split, provenance, and train-only derivation need audit","May seed the new dataset card but cannot be cited unchanged"
E023,raw/bang-tong-hop-ket-qua-1-12.md,"Historical notebook aggregation",SOD-TinyPeopleInSea derivative,legacy,tile_or_custom,unknown,diagnostic_invalid_protocol,no,"Custom metrics, historical harnesses, and out-of-scope components","Research history only"
E024,paper_a/tests/test_alw_saalw.py,"Canonical ALW/SA-ALW unit tests",Synthetic,technical_gate,aligned_and_pairwise,42,validation_evidence,yes,"Formula, linear/log-linear schedules, numerical behavior, placement guard, and geometry contracts pass 18 tests","Includes CUDA/AMP consistency when CUDA is available"
E025,paper_a/diagnostics/canonical_detector_smoke_seed42.json,"Canonical Faster R-CNN placement smoke",Synthetic,technical_gate,detector_forward_backward,42,validation_evidence,yes,"All three Paper A placements pass AMP forward/backward and joint strict reload with baseline parameter parity","Synthetic schedule is explicitly not frozen for training"
E026,paper_a/splits/split_audit.json,"Legacy SOD derivative split audit",SOD-TinyPeopleInSea derivative,protocol_gate,source_and_sequence,none,validation_evidence,yes,"Deterministic manifest hash and overlap audit reject the current derivative for submission evidence","NO_GO_CURRENT_DERIVATIVE; no final-test access"
E027,paper_a/tests/test_tile_to_original.py,"Tile-to-original reconstruction unit tests",Synthetic,technical_gate,original_image,none,validation_evidence,yes,"Nine tests pass offset inversion, clipping, deduplication, GT preservation, empty images, class handling, and maxDets","Official public-dataset adapters and crowd/ignore tests remain pending"
E028,paper_a/datasets/public_benchmark_sources.md,"Official public benchmark source inventory",TinyPerson;AI-TOD-v2,provenance_gate,original_image,none,validation_evidence,yes,"Primary repositories and evaluator requirements are identified; local dataset copies are not yet acquired or hashed","Availability and licensing must be rechecked at acquisition"
E029,paper_a/datasets/aitodv2_annotation_audit.json,"Official AI-TOD-v2 annotation acquisition and split audit",AI-TOD-v2,protocol_gate,original_image,none,validation_evidence,yes,"Four official annotation files are hashed; filename split contract, categories, loader filters, and train-only scale statistics are audited","Images remain pending, so this is not submission performance evidence and G2 is not ready"
E030,paper_a/tests/test_public_dataset_adapter.py,"Original-image COCO dataset adapter tests",Synthetic,technical_gate,original_image,none,validation_evidence,yes,"Zero-based category remap, official invalid-box filter, crowd routing, and prediction inverse mapping are tested","Public image package and evaluator fixture remain pending"
E031,paper_a/tests/test_aitod_official_evaluator.py,"Pinned AI-TOD-v2 official evaluator fixture",Synthetic,technical_gate,original_image,none,validation_evidence,yes,"Pinned IoU/maxDets/area settings and perfect-box AP/AP50/AP75/tiny AP are reproduced","Runtime-only Cython/NumPy compatibility shim is documented; Kaggle fixture remains mandatory"
E032,paper_a/tests/test_result_pipeline.py,"Artifact-to-table result pipeline tests",Synthetic,technical_gate,ledger,none,validation_evidence,yes,"Matched-seed aggregation and accepted-row seed/checkpoint/manifest guards are deterministic","No submission result exists; generated table source remains empty"
E033,paper_a/phase_reports/related_work_audit.md,"Primary-source formula and novelty audit",NWD;RFLA;SimD;SAFit;GCD;IGWD,provenance_gate,formula_and_placement,none,validation_evidence,yes,"Verified IGWD publication metadata and narrowed SA-ALW novelty against target-adaptive and axis-normalized prior work","Core audit complete; broader post-2024 method search and faithful baseline implementation audit remain"
E034,paper_a/manuscript/main.pdf,"Evidence-gated internal manuscript compile",Paper A,technical_gate,manuscript,none,validation_evidence,yes,"Main draft and supplement compile with canonical method, audited related work, protocol, limitations, and generated empty result table","Internal article class only; performance text remains gated and venue template is pending"
E035,paper_a/tests/test_tinyperson_official_evaluator.py,"Pinned TinyPerson official evaluator fixture",Synthetic,technical_gate,original_image,none,validation_evidence,yes,"Hash-locked IoU/maxDets/area settings reproduce AP25/AP50/AP75=1.0 and IOD ignores a higher-scoring detection inside an uncertain region","NumPy 2 compatibility is applied only after source-hash verification; Kaggle fixture remains mandatory"
E036,paper_a/tests/test_tinyperson_dataset_adapter.py,"TinyPerson binary task-all adapter tests",Synthetic,technical_gate,corner_training_view,none,validation_evidence,yes,"Binary category mapping, official corner cropping, and positive versus ignore/uncertain/crowd routing pass","Official archive, prepared erased images, annotation hashes, and split audit remain pending"
E037,paper_a/schedules/aitodv2_train_p10_p90.json,"AI-TOD-v2 train-only detector-coordinate scale audit",AI-TOD-v2,protocol_gate,post_transform_train_boxes,none,validation_evidence,yes,"301494 valid train positives give P10/P90 6.1968/13.8564 px under min_size=640 max_size=800; resize math is checked against torchvision","Candidate dataset-specific bounds only; beta/w endpoints and TinyPerson bounds remain unfrozen"
E038,paper_a/phase_reports/related_work_audit.md,"Extended primary-source formula and reproducibility audit",SWL;MMPW;DILA,provenance_gate,formula_placement_and_code,none,validation_evidence,yes,"DILA predates ALW per-axis center denominators up to a constant; SWL and MMPW narrow placement/adaptation claims and have official-code fidelity limits","Enables only the narrow C014 formulation-and-placement boundary; broad first/SOTA claims remain forbidden"
E039,paper_a/data_access_policy.md,"Final-test material and performance access separation",Paper A,protocol_gate,test_access,none,validation_evidence,yes,"Discloses one AI-TOD-v2 structural test-material audit and zero performance evaluations; freezes A0-A4 access rules","AI-TOD-v2 is performance-locked rather than literally unseen; TinyPerson remains unacquired"
E040,paper_a/experiments/team_run_shards.csv,"Atomic matched-shard team allocation plan",Paper A,execution_gate,kaggle_assignment,none,validation_evidence,yes,"Dataset-plus-seed comparisons remain atomic and owner load is balanced by predicted GPU-hours","All shards remain blocked and unassigned; this is planning evidence only"
E041,paper_a/tests/test_team_run_shards.py,"Team shard fail-closed validator tests",Synthetic,technical_gate,kaggle_assignment,none,validation_evidence,yes,"Checked-in board passes while READY_FOR_PUSH without assignment/GPU-hours and final-test requests fail","Balance enforcement becomes mandatory after all training shards in an assignment wave are filled"
E042,paper_a/phase_reports/anonymity_preflight_2026-08-02.md,"Internal PDF anonymity and build preflight",Paper A,technical_gate,manuscript_pdf,none,validation_evidence,yes,"Five-page main and one-page supplement compile without unresolved references; no checked identity/path tokens and all fonts embedded","Generic A4 article, one Type-3 font, timestamps, and incomplete anonymous code keep G6 pending"
E043,paper_a/diagnostics/saalw_mechanism_preflight.json,"Controlled SA-ALW mechanism preflight",Synthetic,technical_gate,assignment_and_regression,none,validation_evidence,yes,"Beta preserves within-GT ranking but changes threshold eligibility and cross-scale ownership; position weight can reverse center/shape ranking; beta-only regression equals ALW","Synthetic unfrozen schedule only; C007/C008 remain pending public-train rates and gradients"
E044,paper_a/experiments/pilot_decision_protocol.md,"Preregistered six-method G3 pilot selection rule",TinyPerson,execution_gate,validation_only,42,validation_evidence,yes,"Adds beta-only and position-only controls with a fixed AP selector and tie rule before multi-seed promotion","Blocked on G1/G2, separate pre-run reports, and user owner/account assignment"
E045,paper_a/phase_reports/aitodv2_anchor_assignment_preflight_2026-08-02.md,"AI-TOD-v2 train-anchor SA-ALW assignment preflight",AI-TOD-v2,technical_gate,train_anchor_assignment,42,validation_evidence,yes,"On 64 seeded train images and 1818 GT, full SA-ALW changes 593 anchor assignments and reduces positives 6899 to 6643 while preserving 1816/1818 GT coverage","Bounded D2 annotation-only audit; repeat on TinyPerson and do not infer AP"
E046,paper_a/schedules/endpoint_protocol.md,"Preregistered SA-ALW endpoint and bounded sensitivity protocol",TinyPerson;AI-TOD-v2,protocol_gate,train_schedule_and_validation_sensitivity,42,validation_evidence,yes,"Reference effects are beta 8 to 10 and position weight 1 to 1.5; exactly seven one-axis validation runs include one log-linear alternative","D1 percentile values remain pending acquisition; no endpoint was selected from performance"
E047,paper_a/diagnostics/canonical_detector_smoke_log_linear_seed42.json,"Log-linear SA-ALW detector smoke",Synthetic,technical_gate,detector_forward_backward,42,validation_evidence,yes,"All three placements pass AMP forward/backward with 41311996-parameter parity and strict reload","Synthetic schedule only; no performance evidence and linear remains the reference pilot form"
E048,paper_a/experiment_reports/wp03_a3_seed42_postrun_2026-08-14.md,"WP03 A3 matched seed-42 ALW and SA-ALW fill",TinyPerson,validation,original_image,42,validation_evidence,yes,"Both exact WP02-trainer artifacts pass package audit and independent CUDA reload within the frozen primary tolerance","Validation only; final-test counter unchanged"
E049,paper_a/experiment_reports/wp03_a4_no_go_closeout_2026-08-14.md,"WP03 A4 six-method matrix and paired bootstrap",TinyPerson,validation,original_image,"42;123;2024",validation_evidence,yes,"Complete canonical matrix yields SA-ALW minus ALW mean AP -0.001286 with 95% CI [-0.002939,0.001277], triggering the preregistered NO-GO","Negative result retained; disables C009/C010 and closes Paper A performance training"
